{
  "F": [-0.00161638, 1.77236e-05, 1.22471e-06],
  "M": [0, 0, 0],
  "diagnostics": {
    "facets": 2, "front": 2, "shadowed": 0,
    "alt_km": 400, "T_K": 1053.88, "Tw_K": 300, "tau": 0.284662,
    "Ma_min": 2.54374, "Ma_max": 14.3332
  }
}
